Workbook

Sheet 2569
K1: แบบฟอร์ม 3.1(1)
A2: บันทึกปริมาณการใช้กระดาษ
A3: เดือน | B3: ปริมาณการใช้กระดาษปี 2568 | F3: ปริมาณการใช้กระดาษปี 2569 | J3: ร้อยละปริมาณการใช้กระดาษ
B4: จำนวนคน | C4: (รีม)ปี2568 | D4: ค่ากระดาษ/เดือน (บาท) | E4: (รีม/คน) ปี2568 | F4: จำนวนคน | G4: (รีม) ปี 2569 | H4: ค่ากระดาษ/เดือน (บาท) | I4: (รีม/คน) ปี 2569 | J4: (รีม)ปี2569 | K4: (รีม/คน)ปี2569
A5: ม.ค. | B5: ='[1]2568'!F5 -> 95 | C5: ='[1]2568'!G5 -> 194.4 | D5: ='[1]2568'!H5 -> 8352 | E5: =C5/B5 -> 2.0463158 | F5: 94 | I5: =G5/F5 -> 0 | J5: =(G5-C5)/C5 -> -1 | K5: =(I5-E5)/E5 -> -1
A6: ก.พ. | B6: ='[1]2568'!F6 -> 95 | C6: ='[1]2568'!G6 -> 175.5 | D6: ='[1]2568'!H6 -> 7540 | E6: =C6/B6 -> 1.8473684 | F6: 94 | I6: - | J6: =(G6-C6)/C6 -> -1 | K6: =(I6-E6)/E6 -> #VALUE!
A7: มี.ค. | B7: ='[1]2568'!F7 -> 95 | C7: ='[1]2568'!G7 -> 245.7 | D7: ='[1]2568'!H7 -> 10556 | E7: =C7/B7 -> 2.5863158 | F7: 94 | I7: =G7/F7 -> 0 | J7: =(G7-C7)/C7 -> -1 | K7: =(I7-E7)/E7 -> -1
A8: เม.ย. | B8: ='[1]2568'!F8 -> 95 | C8: ='[1]2568'!G8 -> 189 | D8: ='[1]2568'!H8 -> 8120 | E8: =C8/B8 -> 1.9894737 | F8: 94 | I8: =G8/F8 -> 0 | J8: =(G8-C8)/C8 -> -1 | K8: =(I8-E8)/E8 -> -1
A9: พ.ค. | B9: ='[1]2568'!F9 -> 95 | C9: ='[1]2568'!G9 -> 126.9 | D9: ='[1]2568'!H9 -> 5452 | E9: =C9/B9 -> 1.3357895 | F9: 94 | I9: =G9/F9 -> 0 | J9: =(G9-C9)/C9 -> -1 | K9: =(I9-E9)/E9 -> -1
A10: มิ.ย. | B10: ='[1]2568'!F10 -> 95 | C10: ='[1]2568'!G10 -> 183.6 | D10: ='[1]2568'!H10 -> 7888 | E10: =C10/B10 -> 1.9326316 | F10: 94 | I10: =G10/F10 -> 0 | J10: =(G10-C10)/C10 -> -1 | K10: =(I10-E10)/E10 -> -1
A11: ก.ค. | B11: ='[1]2568'!F11 -> 95 | C11: ='[1]2568'!G11 -> 159.3 | D11: ='[1]2568'!H11 -> 6844 | E11: =C11/B11 -> 1.6768421 | F11: 94 | I11: =G11/F11 -> 0 | J11: =(G11-C11)/C11 -> -1 | K11: =(I11-E11)/E11 -> -1
A12: ส.ค. | B12: ='[1]2568'!F12 -> 95 | C12: ='[1]2568'!G12 -> 206.55 | D12: ='[1]2568'!H12 -> 8874 | E12: =C12/B12 -> 2.1742105 | F12: 94 | I12: =G12/F12 -> 0 | J12: =(G12-C12)/C12 -> -1 | K12: =(I12-E12)/E12 -> -1
A13: ก.ย. | B13: ='[1]2568'!F13 -> 95 | C13: ='[1]2568'!G13 -> 198.45 | D13: ='[1]2568'!H13 -> 8526 | E13: =C13/B13 -> 2.0889474 | F13: 94 | I13: =G13/F13 -> 0 | J13: =(G13-C13)/C13 -> -1 | K13: =(I13-E13)/E13 -> -1
A14: ต.ค. | B14: ='[1]2568'!F14 -> 95 | C14: ='[1]2568'!G14 -> 140.4 | D14: ='[1]2568'!H14 -> 6032 | E14: =C14/B14 -> 1.4778947 | F14: 94 | I14: =G14/F14 -> 0 | J14: =(G14-C14)/C14 -> -1 | K14: =(I14-E14)/E14 -> -1
A15: พ.ย. | B15: ='[1]2568'!F15 -> 95 | C15: ='[1]2568'!G15 -> 213.3 | D15: ='[1]2568'!H15 -> 9164 | E15: =C15/B15 -> 2.2452632 | F15: 94 | I15: =G15/F15 -> 0 | J15: =(G15-C15)/C15 -> -1 | K15: =(I15-E15)/E15 -> -1
A16: ธ.ค. | B16: ='[1]2568'!F16 -> 95 | C16: ='[1]2568'!G16 -> 164.7 | D16: ='[1]2568'!H16 -> 7076 | E16: =C16/B16 -> 1.7336842 | F16: 94 | I16: =G16/F16 -> 0 | J16: =(G16-C16)/C16 -> -1 | K16: =(I16-E16)/E16 -> -1
A17: เฉลี่ย | B17: =AVERAGE(B5:B16) -> 95 | C17: =AVERAGE(C5:C16) -> 183.15 | D17: =AVERAGE(D5:D16) -> 7868.6667 | E17: =AVERAGE(E5:E16) -> 1.9278947 | F17: =AVERAGE(F5:F16) -> 94 | G17: =AVERAGE(G5:G16) -> #DIV/0! | H17: =AVERAGE(H5:H16) -> #DIV/0! | I17: =G17/F17 -> #DIV/0! | J17: =(G17-C17)/C17 -> #DIV/0! | K17: =(I17-E17)/E17 -> #DIV/0!
A18: รวม | B18: =SUM(B5:B16) -> 1140 | C18: =SUM(C5:C16) -> 2197.8 | D18: =SUM(D5:D16) -> 94424 | E18: =SUM(E5:E16) -> 23.134737 | F18: =SUM(F5:F16) -> 1128 | G18: =SUM(G5:G16) -> 0 | H18: =SUM(H5:H16) -> 0 | I18: =SUM(I5:I16) -> 0 | J18: =(G18-C18)/C18 -> -1 | K18: =(I18-E18)/E18 -> -1
A43: สรุปปริมาณการใช้กระดาษ 1. การปริมาณกระดาษสะสมตั้งแต่เดือน มกราคม ถึง ….............ปี 2569 เท่ากับ …......... รีม ลดลงจาก ปี 25….ในช่วงเวลาเดียวกัน เท่ากับ …............. รีม คิดเป็น …...... % 2. การปริมาณกระดาษต่อคนสะสมตั้งแต่เดือน มกราคม ถึง ….............ปี 2569 เท่ากับ …......... รีม/คน ลดลงจาก ปี 25….ในช่วงเวลาเดียวกัน เท่ากับ …......... รีม/คน คิดเป็น …...... % 3. การปริมาณกระดาษเฉลี่ยตั้งแต่เดือน มกราคม ถึง ….............ปี 2569 เท่ากับ …......... รีม ลดลงจาก ปี 25….ในช่วงเวลาเดียวกัน เท่ากับ …............. รีม คิดเป็น …...... % 4. การปริมาณกระดาษต่อคนเฉลี่ยตั้งแต่เดือน มกราคม ถึง ….............ปี 2569 เท่ากับ …......... รีม/คน ลดลงจาก ปี 25….ในช่วงเวลาเดียวกัน เท่ากับ ….......... รีม/คน คิดเป็น …...... %
E48: บรรลุเป้าหมาย | H48: ไม่บรรลุเป้าหมาย
A49: การวิเคราะห์ข้อมูลและสาเหตุ (เป้าหมาย : การใช้กระดาษลดลง ….............% จากปี 2569)
A50: เดือนมกราคม 2569 | D50: บรรลุเป้าหมาย | G50: ไม่บรรลุเป้าหมาย
A51: รายละเอียด :
A52: วิเคราะห์สาเหตุ :
A53: แนวทางจัดการ :
A54: เดือนกุมภาพันธ์ 2569 | D54: บรรลุเป้าหมาย | G54: ไม่บรรลุเป้าหมาย
A55: รายละเอียด :
A56: วิเคราะห์สาเหตุ :
A57: แนวทางจัดการ :
A58: เดือนมีนาคม 2569 | D58: บรรลุเป้าหมาย | G58: ไม่บรรลุเป้าหมาย
A59: รายละเอียด :
A60: วิเคราะห์สาเหตุ :
A61: แนวทางจัดการ :
A62: เดือนเมษายน 2569 | D62: บรรลุเป้าหมาย | G62: ไม่บรรลุเป้าหมาย
A63: รายละเอียด :
A64: วิเคราะห์สาเหตุ :
A65: แนวทางจัดการ :
A66: เดือนพฤษภาคม 2569 | D66: บรรลุเป้าหมาย | G66: ไม่บรรลุเป้าหมาย
A67: รายละเอียด :
A68: วิเคราะห์สาเหตุ :
A69: แนวทางจัดการ :
A70: เดือนมิถุนายน 2569 | D70: บรรลุเป้าหมาย | G70: ไม่บรรลุเป้าหมาย
A71: รายละเอียด :
A72: วิเคราะห์สาเหตุ :
A73: แนวทางจัดการ :
A74: เดือนกรกฎาคม 2569 | D74: บรรลุเป้าหมาย | G74: ไม่บรรลุเป้าหมาย
A75: รายละเอียด :
A76: วิเคราะห์สาเหตุ :
A77: แนวทางจัดการ :
A78: เดือนสิงหาคม 2569 | D78: บรรลุเป้าหมาย | G78: ไม่บรรลุเป้าหมาย
A79: รายละเอียด :
A80: วิเคราะห์สาเหตุ :
A81: แนวทางจัดการ :
A82: เดือนกันยายน 2569 | D82: บรรลุเป้าหมาย | G82: ไม่บรรลุเป้าหมาย
A83: รายละเอียด :
A84: วิเคราะห์สาเหตุ :
A85: แนวทางจัดการ :
A86: เดือนตุลาคม 2569 | D86: บรรลุเป้าหมาย | G86: ไม่บรรลุเป้าหมาย
A87: รายละเอียด :
A88: วิเคราะห์สาเหตุ :
A89: แนวทางจัดการ :
A90: เดือนพฤศจิกายน 2569 | D90: บรรลุเป้าหมาย | G90: ไม่บรรลุเป้าหมาย
A91: รายละเอียด :
A92: วิเคราะห์สาเหตุ :
A93: แนวทางจัดการ :
A94: เดือนธันวาคม 2569 | D94: บรรลุเป้าหมาย | G94: ไม่บรรลุเป้าหมาย
A95: รายละเอียด :
A96: วิเคราะห์สาเหตุ :
A97: แนวทางจัดการ :

Sheet 2568
K1: แบบฟอร์ม 3.2(1)
A2: บันทึกปริมาณการใช้กระดาษ
A3: เดือน | B3: ปริมาณการใช้กระดาษปี 2567 | F3: ปริมาณการใช้กระดาษปี 2568 | J3: ร้อยละปริมาณการใช้กระดาษ
B4: จำนวนคน | C4: (กิโลกรัม) ปี2567 | D4: ค่ากระดาษ/เดือน (บาท) | E4: (กิโลกรัม/คน) ปี2567 | F4: จำนวนคน | G4: (กิโลกรัม) ปี 2568 | H4: ค่ากระดาษ/เดือน (บาท) | I4: (กิโลกรัม/คน)ปี 2568 | J4: (หน่วย)ปี2568 | K4: (หน่วย/คน)ปี2568
A5: ม.ค. | B5: 94 | C5: 202.5 | D5: 8700 | E5: 2.1315789 | F5: 95 | G5: =[1]แต่ละหน่วยงาน!C108 -> 194.4 | H5: =G5*42.96296296296 -> 8352 | I5: =G5/F5 -> 2.0463158 | J5: =(G5-C5)/C5 -> -0.04 | K5: =(I5-E5)/E5 -> -0.04
A6: ก.พ. | B6: 94 | C6: 226.8 | D6: 9744 | E6: 2.3873684 | F6: 95 | G6: =[1]แต่ละหน่วยงาน!D108 -> 175.5 | H6: =G6*42.96296296296 -> 7540 | I6: =G6/F6 -> 1.8473684 | J6: =(G6-C6)/C6 -> -0.22619048 | K6: =(I6-E6)/E6 -> -0.22619048
A7: มี.ค. | B7: 94 | C7: 224.1 | D7: 9628 | E7: 2.3589474 | F7: 95 | G7: =[1]แต่ละหน่วยงาน!E108 -> 245.7 | H7: =G7*42.96296296296 -> 10556 | I7: =G7/F7 -> 2.5863158 | J7: =(G7-C7)/C7 -> 0.096385542 | K7: =(I7-E7)/E7 -> 0.096385542
A8: เม.ย. | B8: 94 | C8: 91.8 | D8: 3944 | E8: 0.96631579 | F8: 95 | G8: =[1]แต่ละหน่วยงาน!F108 -> 189 | H8: =G8*42.96296296296 -> 8120 | I8: =G8/F8 -> 1.9894737 | J8: =(G8-C8)/C8 -> 1.0588235 | K8: =(I8-E8)/E8 -> 1.0588235
A9: พ.ค. | B9: 94 | C9: 151.2 | D9: 6496 | E9: 1.5915789 | F9: 95 | G9: =[1]แต่ละหน่วยงาน!G108 -> 126.9 | H9: =G9*42.96296296296 -> 5452 | I9: =G9/F9 -> 1.3357895 | J9: =(G9-C9)/C9 -> -0.16071429 | K9: =(I9-E9)/E9 -> -0.16071429
A10: มิ.ย. | B10: 94 | C10: 172.8 | D10: 7424 | E10: 1.8189474 | F10: 95 | G10: =[1]แต่ละหน่วยงาน!H108 -> 183.6 | H10: =G10*42.96296296296 -> 7888 | I10: =G10/F10 -> 1.9326316 | J10: =(G10-C10)/C10 -> 0.0625 | K10: =(I10-E10)/E10 -> 0.0625
A11: ก.ค. | B11: 94 | C11: 132.3 | D11: 5684 | E11: 1.3926316 | F11: 95 | G11: =[1]แต่ละหน่วยงาน!I108 -> 159.3 | H11: =G11*42.96296296296 -> 6844 | I11: =G11/F11 -> 1.6768421 | J11: =(G11-C11)/C11 -> 0.20408163 | K11: =(I11-E11)/E11 -> 0.20408163
A12: ส.ค. | B12: 94 | C12: 167.4 | D12: 7192 | E12: 1.7621053 | F12: 95 | G12: =[1]แต่ละหน่วยงาน!J108 -> 206.55 | H12: =G12*42.96296296296 -> 8874 | I12: =G12/F12 -> 2.1742105 | J12: =(G12-C12)/C12 -> 0.23387097 | K12: =(I12-E12)/E12 -> 0.23387097
A13: ก.ย. | B13: 94 | C13: 153.9 | D13: 6612 | E13: 1.62 | F13: 95 | G13: =[1]แต่ละหน่วยงาน!K108 -> 198.45 | H13: =G13*42.96296296296 -> 8526 | I13: =G13/F13 -> 2.0889474 | J13: =(G13-C13)/C13 -> 0.28947368 | K13: =(I13-E13)/E13 -> 0.28947368
A14: ต.ค. | B14: 94 | C14: 164.7 | D14: 7076 | E14: 1.7336842 | F14: 95 | G14: =[1]แต่ละหน่วยงาน!L108 -> 140.4 | H14: =G14*42.96296296296 -> 6032 | I14: =G14/F14 -> 1.4778947 | J14: =(G14-C14)/C14 -> -0.14754098 | K14: =(I14-E14)/E14 -> -0.14754098
A15: พ.ย. | B15: 94 | C15: 183.6 | D15: 7888 | E15: 1.9326316 | F15: 95 | G15: =[1]แต่ละหน่วยงาน!M108 -> 213.3 | H15: =G15*42.96296296296 -> 9164 | I15: =G15/F15 -> 2.2452632 | J15: =(G15-C15)/C15 -> 0.16176471 | K15: =(I15-E15)/E15 -> 0.16176471
A16: ธ.ค. | B16: 94 | C16: 210.6 | D16: 9048 | E16: 2.2168421 | F16: 95 | G16: =[1]แต่ละหน่วยงาน!N108 -> 164.7 | H16: =G16*42.96296296296 -> 7076 | I16: =G16/F16 -> 1.7336842 | J16: =(G16-C16)/C16 -> -0.21794872 | K16: =(I16-E16)/E16 -> -0.21794872
A17: เฉลี่ย | B17: 95 | C17: 173.475 | D17: 7453 | E17: 1.8260526 | F17: =AVERAGE(F5:F16) -> 95 | G17: =AVERAGE(G5:G16) -> 183.15 | H17: =AVERAGE(H5:H16) -> 7868.6667 | I17: =G17/F17 -> 1.9278947 | J17: =(G17-C17)/C17 -> 0.055771725 | K17: =(I17-E17)/E17 -> 0.055771725
A18: รวม | B18: 1140 | C18: 2081.7 | D18: 89436 | E18: 21.912632 | F18: =SUM(F5:F16) -> 1140 | G18: =SUM(G5:G16) -> 2197.8 | H18: =SUM(H5:H16) -> 94424 | I18: =SUM(I5:I16) -> 23.134737 | J18: =(G18-C18)/C18 -> 0.055771725 | K18: =(I18-E18)/E18 -> 0.055771725
A43: สรุปปริมาณการใช้กระดาษ 1. ปริมาณการใช้กระดาษสะสมตั้งแต่เดือน มกราคม ถึง เดือน มิถุนายน ปี 2567 เท่ากับ 1069 กิโลกรัม เพิ่มขึ้นจาก ปี 2566 ในช่วงเวลาเดียวกัน เท่ากับ 793.8 คิดเป็น 25.74% 2. ปริมาณกระดาษต่อคนสะสมตั้งแต่เดือน มกราคม ถึง เดือน มิถุนายน ปี 2567 เท่ากับ 11.3 กิโลกรัม/คน เพิ่มขึ้นจาก ปี 2566 ในช่วงเวลาเดียวกัน เท่ากับ 8.45 กิโลกรัม/คน คิดเป็น 25.22% 3. ปริมาณการใช้กระดาษเฉลี่ยตั้งแต่เดือน มกราคม ถึง เดือน มิถุนายน ปี 2567 เท่ากับ 178.2 กิโลกรัม เพิ่มขึ้นจาก ปี 2566 ในช่วงเวลาเดียวกัน เท่ากับ 132.3 คิดเป็น 25.74% 4. ปริมาณกระดาษต่อคนเฉลี่ยตั้งแต่เดือน มกราคม ถึง เดือน มิถุนายน ปี 2567 เท่ากับ 1.88 กิโลกรัม/คน เพิ่มขึ้นจาก ปี 2566 ในช่วงเวลาเดียวกัน เท่ากับ 1.41 กิโลกรัม/คน คิดเป็น 25.22%
A48: การวิเคราะห์ข้อมูลและสาเหตุ (เป้าหมาย : การใช้กระดาษลดลง 1% จากปี 2567)
A49: เดือนมกราคม 2568
A50: รายละเอียด : ผลการใช้กระดาษ ประจำเดือน มกราคม 2568 พบว่า ปริมาณการใช้กระดาษ ลดลง เมื่อเทียบกับปี 2567 จำนวน 8.1 กิโลกรัม/คน เมื่อคิดเป็นเปอร์เซ็นต์/คน จะลดลงเท่ากับ -4.0%
A51: วิเคราะห์สาเหตุ : | C51: เนื่องจากบุคคลากรให้ความร่วมมือลดการใช้กระดาษ และใช้กระดาษReuseเพิ่มมากขึ้น
A52: แนวทางจัดการ :
A53: เดือนกุมภาพันธ์ 2568
A54: รายละเอียด : ผลการใช้กระดาษ ประจำเดือน กุมภาพันธ์ 2568 พบว่า ปริมาณการใช้กระดาษ ลดลง เมื่อเทียบกับปี 2567 จำนวน 51.3 กิโลกรัม/คน เมื่อคิดเป็นเปอร์เซ็นต์/คน จะลดลงเท่ากับ -22.6%
A55: วิเคราะห์สาเหตุ : | C55: เนื่องจากบุคคลากรให้ความร่วมมือลดการใช้กระดาษ และใช้กระดาษReuseเพิ่มมากขึ้น
A56: แนวทางจัดการ :
A57: เดือนมีนาคม 2568
A58: รายละเอียด : ผลการใช้กระดาษ ประจำเดือน มีนาคม 2568 พบว่า ปริมาณการใช้กระดาษ เพิ่มขึ้น เมื่อเทียบกับปี 2567 จำนวน 21.6 กิโลกรัม/คน เมื่อคิดเป็นเปอร์เซ็นต์/คน จะเพิ่มขึ้นเท่ากับ 9.6%
A59: วิเคราะห์สาเหตุ : | C59: เนื่องจากมีการจัดทำเอกสารอบรม และเอกสารตรวจประเมินและส่งงานวิจัยภายในหน่วยงาน
A60: แนวทางจัดการ : | C60: กำหนดมาตรการการใช้กระดาษReuseเพิ่มมากขึ้น
A61: เดือนเมษายน 2568
A62: รายละเอียด : ผลการใช้กระดาษ ประจำเดือน เมษายน 2568 พบว่า ปริมาณการใช้กระดาษ เพิ่มขึ้น เมื่อเทียบกับปี 2567 จำนวน 97.2 กิโลกรัม/คน เมื่อคิดเป็นเปอร์เซ็นต์/คน จะเพิ่มขึ้นเท่ากับ 105.9%
A63: วิเคราะห์สาเหตุ : | C63: เนื่องจากมีการจัดทำเอกสารอบรม และเอกสารตรวจประเมินและส่งงานวิจัยภายในหน่วยงาน
A64: แนวทางจัดการ : | C64: กำหนดมาตรการการใช้กระดาษReuseเพิ่มมากขึ้น
A65: เดือนพฤษภาคม 2568
A66: รายละเอียด : ผลการใช้กระดาษ ประจำเดือน พฤษภาคม 2568 พบว่า ปริมาณการใช้กระดาษ ลดลง เมื่อเทียบกับปี 2567 จำนวน 24.28 กิโลกรัม/คน เมื่อคิดเป็นเปอร์เซ็นต์/คน จะลดลงเท่ากับ -16.1%
A67: วิเคราะห์สาเหตุ : | C67: เนื่องจากบุคคลากรให้ความร่วมมือลดการใช้กระดาษ และใช้กระดาษReuseเพิ่มมากขึ้น
A68: แนวทางจัดการ :
A69: เดือนมิถุนายน 2568
A70: รายละเอียด : ผลการใช้กระดาษ ประจำเดือน มิถุนายน 2568 พบว่า ปริมาณการใช้กระดาษ เพิ่มขึ้น เมื่อเทียบกับปี 2567 จำนวน 10.8 กิโลกรัม เมื่อคิดเป็นเปอร์เซ็นต์/คน จะเพิ่มขึ้นเท่ากับ 6.2%
A71: วิเคราะห์สาเหตุ : | C71: เนื่องจากมีการจัดทำเอกสารอบรม และเอกสารตรวจประเมินและส่งงานวิจัยภายในหน่วยงาน
A72: แนวทางจัดการ : | C72: กำหนดมาตรการการใช้กระดาษReuseเพิ่มมากขึ้น
A73: เดือนกรกฎาคม 2568
A74: รายละเอียด : ผลการใช้กระดาษ ประจำเดือน กรกฎาคม 2568 พบว่า ปริมาณการใช้กระดาษ เพิ่มขึ้น เมื่อเทียบกับปี 2567 จำนวน 27.0 กิโลกรัม/คน เมื่อคิดเป็นเปอร์เซ็นต์/คน จะเพิ่มขึ้นเท่ากับ 20.4%
A75: วิเคราะห์สาเหตุ : | C75: เนื่องจากมีการจัดทำเอกสารอบรม และเอกสารตรวจประเมินและส่งงานวิจัยภายในหน่วยงาน
A76: แนวทางจัดการ : | C76: กำหนดมาตรการการใช้กระดาษReuseเพิ่มมากขึ้น
A77: เดือนสิงหาคม 2568
A78: รายละเอียด : ผลการใช้กระดาษ ประจำเดือน สิงหาคม 2568 พบว่า ปริมาณการใช้กระดาษ เพิ่มขึ้น เมื่อเทียบกับปี 2567 จำนวน 39.15 กิโลกรัม/คน เมื่อคิดเป็นเปอร์เซ็นต์/คน จะเพิ่มขึ้นเท่ากับ 23.4%
A79: วิเคราะห์สาเหตุ : | C79: เนื่องจากมีการจัดทำเอกสารอบรม และเอกสารตรวจประเมินและส่งงานวิจัยภายในหน่วยงาน
A80: แนวทางจัดการ : | C80: กำหนดมาตรการการใช้กระดาษReuseเพิ่มมากขึ้น
A81: เดือนกันยายน 2568
A82: รายละเอียด : ผลการใช้กระดาษ ประจำเดือน กันยายน 2568 พบว่า ปริมาณการใช้กระดาษ ลดลง เมื่อเทียบกับปี 2567 จำนวน 33.75 กิโลกรัม/คน เมื่อคิดเป็นเปอร์เซ็นต์/คน จะลดลงเท่ากับ -21.9%
A83: วิเคราะห์สาเหตุ : | C83: เนื่องจากบุคคลากรให้ความร่วมมือลดการใช้กระดาษ และใช้กระดาษReuseเพิ่มมากขึ้น
A84: แนวทางจัดการ :
A85: เดือนตุลาคม 2568
A86: รายละเอียด : ผลการใช้กระดาษ ประจำเดือน ตุลาคม 2568 พบว่า ปริมาณการใช้กระดาษ ลดลง เมื่อเทียบกับปี 2567 จำนวน 94.5 กิโลกรัม/คน เมื่อคิดเป็นเปอร์เซ็นต์/คน จะลดลงเท่ากับ -57.4%
A87: วิเคราะห์สาเหตุ : | C87: เนื่องจากบุคคลากรให้ความร่วมมือลดการใช้กระดาษ และใช้กระดาษReuseเพิ่มมากขึ้น
A88: แนวทางจัดการ :
A89: เดือนพฤศจิกายน 2568
A90: รายละเอียด : ผลการใช้กระดาษ ประจำเดือน พฤศจิกายน 2568 พบว่า ปริมาณการใช้กระดาษ ลดลง เมื่อเทียบกับปี 2567 จำนวน 110.7 กิโลกรัม/คน เมื่อคิดเป็นเปอร์เซ็นต์/คน จะลดลงเท่ากับ -60.3%
A91: วิเคราะห์สาเหตุ : | C91: เนื่องจากบุคคลากรให้ความร่วมมือลดการใช้กระดาษ และใช้กระดาษReuseเพิ่มมากขึ้น
A92: แนวทางจัดการ :
A93: เดือนธันวาคม 2568
A94: รายละเอียด : ผลการใช้กระดาษ ประจำเดือน ธันวาคม 2568 พบว่า ปริมาณการใช้กระดาษ ลดลง เมื่อเทียบกับปี 2567 จำนวน 178.2 กิโลกรัม/คน เมื่อคิดเป็นเปอร์เซ็นต์/คน จะลดลงเท่ากับ -84.6%
A95: วิเคราะห์สาเหตุ : | C95: เนื่องจากบุคคลากรให้ความร่วมมือลดการใช้กระดาษ และใช้กระดาษReuseเพิ่มมากขึ้น
A96: แนวทางจัดการ :

Sheet 2567
K1: แบบฟอร์ม 3.2(1)
A2: บันทึกปริมาณการใช้กระดาษ
A3: เดือน | B3: ปริมาณการใช้กระดาษปี 2566 | F3: ปริมาณการใช้กระดาษปี 2567 | J3: ร้อยละปริมาณการใช้กระดาษ
B4: จำนวนคน | C4: (กิโลกรัม) ปี2566 | D4: ค่ากระดาษ/เดือน (บาท) | E4: (กิโลกรัม/คน) ปี2566 | F4: จำนวนคน | G4: (กิโลกรัม) ปี 2567 | H4: ค่ากระดาษ/เดือน (บาท) | I4: (กิโลกรัม/คน)ปี 2567 | J4: (หน่วย)ปี2567 | K4: (หน่วย/คน)ปี2567
A5: ม.ค. | B5: 94 | C5: 105.3 | D5: 4524 | E5: =C5/B5 -> 1.1202128 | F5: 95 | G5: 202.5 | H5: 8700 | I5: =G5/F5 -> 2.1315789 | J5: =(G5-C5)/C5 -> 0.92307692 | K5: =(I5-E5)/E5 -> 0.90283401
A6: ก.พ. | B6: 94 | C6: 162 | D6: 6960 | E6: =C6/B6 -> 1.7234043 | F6: 95 | G6: 226.8 | H6: 9744 | I6: =G6/F6 -> 2.3873684 | J6: =(G6-C6)/C6 -> 0.4 | K6: =(I6-E6)/E6 -> 0.38526316
A7: มี.ค. | B7: 94 | C7: 172.8 | D7: 7424 | E7: =C7/B7 -> 1.8382979 | F7: 95 | G7: 224.1 | H7: 9628 | I7: =G7/F7 -> 2.3589474 | J7: =(G7-C7)/C7 -> 0.296875 | K7: =(I7-E7)/E7 -> 0.28322368
A8: เม.ย. | B8: 94 | C8: 116.1 | D8: 4988 | E8: =C8/B8 -> 1.2351064 | F8: 95 | G8: 91.8 | H8: 3944 | I8: =G8/F8 -> 0.96631579 | J8: =(G8-C8)/C8 -> -0.20930233 | K8: =(I8-E8)/E8 -> -0.21762546
A9: พ.ค. | B9: 94 | C9: 132.3 | D9: 5684 | E9: =C9/B9 -> 1.4074468 | F9: 95 | G9: 151.2 | H9: 6496 | I9: =G9/F9 -> 1.5915789 | J9: =(G9-C9)/C9 -> 0.14285714 | K9: =(I9-E9)/E9 -> 0.13082707
A10: มิ.ย. | B10: 94 | C10: 105.3 | D10: 4524 | E10: =C10/B10 -> 1.1202128 | F10: 95 | G10: 172.8 | H10: 7424 | I10: =G10/F10 -> 1.8189474 | J10: =(G10-C10)/C10 -> 0.64102564 | K10: =(I10-E10)/E10 -> 0.62375169
A11: ก.ค. | B11: 94 | C11: 108 | D11: 4640 | E11: =C11/B11 -> 1.1489362 | F11: 95 | G11: =[1]แต่ละหน่วยงาน!I88 -> 132.3 | H11: =G11*42.96296296296 -> 5684 | I11: =G11/F11 -> 1.3926316 | J11: =(G11-C11)/C11 -> 0.225 | K11: =(I11-E11)/E11 -> 0.21210526
A12: ส.ค. | B12: 94 | C12: 170.1 | D12: 7308 | E12: =C12/B12 -> 1.8095745 | F12: 95 | G12: =[1]แต่ละหน่วยงาน!J88 -> 167.4 | H12: =G12*42.96296296296 -> 7192 | I12: =G12/F12 -> 1.7621053 | J12: =(G12-C12)/C12 -> -0.015873016 | K12: =(I12-E12)/E12 -> -0.026232247
A13: ก.ย. | B13: 94 | C13: 140.4 | D13: 6032 | E13: =C13/B13 -> 1.493617 | F13: 95 | G13: =[1]แต่ละหน่วยงาน!K88 -> 153.9 | H13: =G13*42.96296296296 -> 6612 | I13: =G13/F13 -> 1.62 | J13: =(G13-C13)/C13 -> 0.096153846 | K13: =(I13-E13)/E13 -> 0.084615385
A14: ต.ค. | B14: 94 | C14: 189 | D14: 8120 | E14: =C14/B14 -> 2.0106383 | F14: 95 | G14: =[1]แต่ละหน่วยงาน!L88 -> 164.7 | H14: =G14*42.96296296296 -> 7076 | I14: =G14/F14 -> 1.7336842 | J14: =(G14-C14)/C14 -> -0.12857143 | K14: =(I14-E14)/E14 -> -0.13774436
A15: พ.ย. | B15: 94 | C15: 305.1 | D15: 13108 | E15: =C15/B15 -> 3.2457447 | F15: 95 | G15: =[1]แต่ละหน่วยงาน!M88 -> 164.7 | H15: =G15*42.96296296296 -> 7076 | I15: =G15/F15 -> 1.7336842 | J15: =(G15-C15)/C15 -> -0.46017699 | K15: =(I15-E15)/E15 -> -0.46585934
A16: ธ.ค. | B16: 94 | C16: 378 | D16: 16240 | E16: =C16/B16 -> 4.0212766 | F16: 95 | G16: =[1]แต่ละหน่วยงาน!N88 -> 175.5 | H16: =G16*42.96296296296 -> 7540 | I16: =G16/F16 -> 1.8473684 | J16: =(G16-C16)/C16 -> -0.53571429 | K16: =(I16-E16)/E16 -> -0.5406015
A17: เฉลี่ย | B17: =AVERAGE(B5:B16) -> 94 | C17: =AVERAGE(C5:C16) -> 173.7 | D17: =AVERAGE(D5:D16) -> 7462.6667 | E17: =AVERAGE(E5:E16) -> 1.8478723 | F17: =AVERAGE(F5:F16) -> 95 | G17: =AVERAGE(G5:G16) -> 168.975 | H17: =AVERAGE(H5:H16) -> 7259.6667 | I17: =G17/F17 -> 1.7786842 | J17: =(G17-C17)/C17 -> -0.027202073 | K17: =(I17-E17)/E17 -> -0.037442051
A18: รวม | B18: =SUM(B5:B16) -> 1128 | C18: =SUM(C5:C16) -> 2084.4 | D18: =SUM(D5:D16) -> 89552 | E18: =SUM(E5:E16) -> 22.174468 | F18: =SUM(F5:F16) -> 1140 | G18: =SUM(G5:G16) -> 2027.7 | H18: =SUM(H5:H16) -> 87116 | I18: =SUM(I5:I16) -> 21.344211 | J18: =(G18-C18)/C18 -> -0.027202073 | K18: =(I18-E18)/E18 -> -0.037442051
A43: สรุปปริมาณการใช้กระดาษ 1. ปริมาณการใช้กระดาษสะสมตั้งแต่เดือน มกราคม ถึง เดือน มิถุนายน ปี 2567 เท่ากับ 1069 กิโลกรัม เพิ่มขึ้นจาก ปี 2566 ในช่วงเวลาเดียวกัน เท่ากับ 793.8 คิดเป็น 25.74% 2. ปริมาณกระดาษต่อคนสะสมตั้งแต่เดือน มกราคม ถึง เดือน มิถุนายน ปี 2567 เท่ากับ 11.3 กิโลกรัม/คน เพิ่มขึ้นจาก ปี 2566 ในช่วงเวลาเดียวกัน เท่ากับ 8.45 กิโลกรัม/คน คิดเป็น 25.22% 3. ปริมาณการใช้กระดาษเฉลี่ยตั้งแต่เดือน มกราคม ถึง เดือน มิถุนายน ปี 2567 เท่ากับ 178.2 กิโลกรัม เพิ่มขึ้นจาก ปี 2566 ในช่วงเวลาเดียวกัน เท่ากับ 132.3 คิดเป็น 25.74% 4. ปริมาณกระดาษต่อคนเฉลี่ยตั้งแต่เดือน มกราคม ถึง เดือน มิถุนายน ปี 2567 เท่ากับ 1.88 กิโลกรัม/คน เพิ่มขึ้นจาก ปี 2566 ในช่วงเวลาเดียวกัน เท่ากับ 1.41 กิโลกรัม/คน คิดเป็น 25.22%
A48: การวิเคราะห์ข้อมูลและสาเหตุ (เป้าหมาย : การใช้กระดาษลดลง 1% จากปี 2566)
A49: เดือนมกราคม 2567
A50: รายละเอียด : | B50: ผลการใช้กระดาษ ประจำเดือน มกราคม 2567 พบว่า ปริมาณการใช้กระดาษ เพิ่มขึ้น เมื่อเทียบกับปี 2566 จำนวน 97.2 กิโลกรัม/คน เมื่อคิดเป็นเปอร์เซ็นต์/คน จะเพิ่มขึ้นเท่ากับ 92.3%
A51: วิเคราะห์สาเหตุ : | C51: เนื่องจากมีการจัดทำเอกสารตรวจประเมินและส่งงานวิจัยภายในหน่วยงาน
A52: แนวทางจัดการ : | C52: กำหนดมาตรการการใช้กระดาษReuseเพิ่มมากขึ้น
A53: เดือนกุมภาพันธ์ 2567
A54: รายละเอียด : ผลการใช้กระดาษ ประจำเดือน กุมภาพันธ์ 2567 พบว่า ปริมาณการใช้กระดาษ เพิ่มขึ้น เมื่อเทียบกับปี 2566 จำนวน 64.8 กิโลกรัม/คน เมื่อคิดเป็นเปอร์เซ็นต์/คน จะเพิ่มขึ้นเท่ากับ 40.0%
A55: วิเคราะห์สาเหตุ : | C55: เนื่องจากมีการจัดทำเอกสารตรวจประเมินและส่งงานวิจัยภายในหน่วยงาน
A56: แนวทางจัดการ : | C56: กำหนดมาตรการการใช้กระดาษReuseเพิ่มมากขึ้น
A57: เดือนมีนาคม 2567
A58: รายละเอียด : ผลการใช้กระดาษ ประจำเดือน มีนาคม 2567 พบว่า ปริมาณการใช้กระดาษ เพิ่มขึ้น เมื่อเทียบกับปี 2566 จำนวน 51.3 กิโลกรัม/คน เมื่อคิดเป็นเปอร์เซ็นต์/คน จะเพิ่มขึ้นเท่ากับ 29.7%
A59: วิเคราะห์สาเหตุ : | C59: เนื่องจากมีการจัดทำเอกสารอบรม และเอกสารตรวจประเมินและส่งงานวิจัยภายในหน่วยงาน
A60: แนวทางจัดการ : | C60: กำหนดมาตรการการใช้กระดาษReuseเพิ่มมากขึ้น
A61: เดือนเมษายน 2567
A62: รายละเอียด : ผลการใช้กระดาษ ประจำเดือน เมษายน 2567 พบว่า ปริมาณการใช้กระดาษ ลดลง เมื่อเทียบกับปี 2566 จำนวน 24.3 กิโลกรัม/คน เมื่อคิดเป็นเปอร์เซ็นต์/คน จะลดลงเท่ากับ -20.9%
A63: วิเคราะห์สาเหตุ : | C63: เนื่องจากบุคคลากรให้ความร่วมมือลดการใช้กระดาษ และใช้กระดาษReuseเพิ่มมากขึ้น
A64: แนวทางจัดการ :
A65: เดือนพฤษภาคม 2567
A66: รายละเอียด : ผลการใช้กระดาษ ประจำเดือน พฤษภาคม 2567 พบว่า ปริมาณการใช้กระดาษ เพิ่มขึ้น เมื่อเทียบกับปี 2566 จำนวน 18.9 กิโลกรัม/คน เมื่อคิดเป็นเปอร์เซ็นต์/คน จะเพิ่มขึ้นเท่ากับ 14.3%
A67: วิเคราะห์สาเหตุ : | C67: เนื่องจากมีการจัดทำเอกสารอบรม และเอกสารตรวจประเมินและส่งงานวิจัยภายในหน่วยงาน
A68: แนวทางจัดการ : | C68: กำหนดมาตรการการใช้กระดาษReuseเพิ่มมากขึ้น
A69: เดือนมิถุนายน 2567
A70: รายละเอียด : ผลการใช้กระดาษ ประจำเดือน มิถุนายน 2567 พบว่า ปริมาณการใช้กระดาษ เพิ่มขึ้น เมื่อเทียบกับปี 2566 จำนวน 67.5 กิโลกรัม เมื่อคิดเป็นเปอร์เซ็นต์/คน จะเพิ่มขึ้นเท่ากับ 61.4%
A71: วิเคราะห์สาเหตุ : | C71: เนื่องจากมีการจัดทำเอกสารอบรม และเอกสารตรวจประเมินและส่งงานวิจัยภายในหน่วยงาน
A72: แนวทางจัดการ : | C72: กำหนดมาตรการการใช้กระดาษReuseเพิ่มมากขึ้น
A73: เดือนกรกฎาคม 2567
A74: รายละเอียด : ผลการใช้กระดาษ ประจำเดือน กรกฎาคม 2567 พบว่า ปริมาณการใช้กระดาษ เพิ่มขึ้น เมื่อเทียบกับปี 2566 จำนวน 24.3 กิโลกรัม/คน เมื่อคิดเป็นเปอร์เซ็นต์/คน จะเพิ่มขึ้นเท่ากับ 22.5%
A75: วิเคราะห์สาเหตุ : | C75: เนื่องจากมีการจัดทำเอกสารตรวจประเมินและส่งงานวิจัยภายในหน่วยงาน
A76: แนวทางจัดการ : | C76: กำหนดมาตรการการใช้กระดาษReuseเพิ่มมากขึ้น
A77: เดือนสิงหาคม 2567
A78: รายละเอียด : ผลการใช้กระดาษ ประจำเดือน สิงหาคม 2567 พบว่า ปริมาณการใช้กระดาษ ลดลง เมื่อเทียบกับปี 2566 จำนวน 2.7 กิโลกรัม/คน เมื่อคิดเป็นเปอร์เซ็นต์/คน จะลดลงเท่ากับ -1.6%
A79: วิเคราะห์สาเหตุ : | C79: เนื่องจากบุคคลากรให้ความร่วมมือลดการใช้กระดาษ และใช้กระดาษReuseเพิ่มมากขึ้น
A80: แนวทางจัดการ :
A81: เดือนกันยายน 2567
A82: รายละเอียด : ผลการใช้กระดาษ ประจำเดือน กันยายน 2567 พบว่า ปริมาณการใช้กระดาษ เพิ่มขึ้น เมื่อเทียบกับปี 2566 จำนวน 13.5 กิโลกรัม/คน เมื่อคิดเป็นเปอร์เซ็นต์/คน จะเพิ่มขึ้นเท่ากับ 9.6%
A83: วิเคราะห์สาเหตุ : | C83: เนื่องจากมีการจัดทำเอกสารตรวจประเมินและส่งงานวิจัยภายในหน่วยงาน
A84: แนวทางจัดการ : | C84: กำหนดมาตรการการใช้กระดาษReuseเพิ่มมากขึ้น
A85: เดือนตุลาคม 2567
A86: รายละเอียด : ผลการใช้กระดาษ ประจำเดือน ตุลาคม 2567 พบว่า ปริมาณการใช้กระดาษ ลดลง เมื่อเทียบกับปี 2566 จำนวน 24.3 กิโลกรัม/คน เมื่อคิดเป็นเปอร์เซ็นต์/คน จะลดลงเท่ากับ -12.9%
A87: วิเคราะห์สาเหตุ : | C87: เนื่องจากบุคคลากรให้ความร่วมมือลดการใช้กระดาษ และใช้กระดาษReuseเพิ่มมากขึ้น
A88: แนวทางจัดการ :
A89: เดือนพฤศจิกายน 2567
A90: รายละเอียด : ผลการใช้กระดาษ ประจำเดือน พฤศจิกายน 2567 พบว่า ปริมาณการใช้กระดาษ ลดลง เมื่อเทียบกับปี 2566 จำนวน 140.4 กิโลกรัม/คน เมื่อคิดเป็นเปอร์เซ็นต์/คน จะลดลงเท่ากับ -46.0%
A91: วิเคราะห์สาเหตุ : | C91: เนื่องจากบุคคลากรให้ความร่วมมือลดการใช้กระดาษ และใช้กระดาษReuseเพิ่มมากขึ้น
A92: แนวทางจัดการ :
A93: เดือนธันวาคม 2567
A94: รายละเอียด : ผลการใช้กระดาษ ประจำเดือน ธันวาคม 2567 พบว่า ปริมาณการใช้กระดาษ ลดลง เมื่อเทียบกับปี 2566 จำนวน 202.5 กิโลกรัม/คน เมื่อคิดเป็นเปอร์เซ็นต์/คน จะลดลงเท่ากับ -53.6%
A95: วิเคราะห์สาเหตุ : | C95: เนื่องจากบุคคลากรให้ความร่วมมือลดการใช้กระดาษ และใช้กระดาษReuseเพิ่มมากขึ้น
A96: แนวทางจัดการ :

Sheet แต่ละหน่วยงาน
A2: ปี | B2: iqs | C2: มกราคม | D2: กุมภาพันธ์ | E2: มีนาคม | F2: เมษายน | G2: พฤษภาคม | H2: มิถุนายน | I2: กรกฎาคม | J2: สิงหาคม | K2: กันยายน | L2: ตุลาคม | M2: พฤศจิกายน | N2: ธันวาคม | O2: รวม
A3: 65 | B3: สำนักงาน | C3: 7 | D3: 2 | E3: 2 | F3: 5 | G3: 2 | H3: 2 | I3: 2 | J3: 1 | K3: 2 | L3: 1 | M3: 1 | N3: 1 | O3: 28
B4: ห้องปฏิบัติการ | C4: 1 | F4: 1 | G4: 1 | K4: 1 | M4: 15 | N4: 1 | O4: 20
B5: โครงการ | E5: 1 | J5: 2 | L5: 1 | N5: 1 | O5: 5
B6: จุลินทรีย์ | C6: 3 | D6: 7 | E6: 15 | F6: 3 | G6: 3 | H6: 2 | I6: 3 | J6: 2 | K6: 2 | L6: 1 | O6: 41
B7: รวมริม | C7: 11 | D7: 9 | E7: 18 | F7: 9 | G7: 6 | H7: 4 | I7: 5 | J7: 5 | K7: 5 | L7: 3 | M7: 16 | N7: 3 | O7: 94
B8: รวมกิโลกรัม | C8: 29.7 | D8: 24.3 | E8: 48.6 | F8: 24.3 | G8: 16.2 | H8: 10.8 | I8: 13.5 | J8: 13.5 | K8: 13.5 | L8: 8.1 | M8: 43.2 | N8: 8.1 | O8: 253.8
A10: ปี | B10: สำนักวิจัย | C10: มกราคม | D10: กุมภาพันธ์ | E10: มีนาคม | F10: เมษายน | G10: พฤษภาคม | H10: มิถุนายน | I10: กรกฎาคม | J10: สิงหาคม | K10: กันยายน | L10: ตุลาคม | M10: พฤศจิกายน | N10: ธันวาคม | O10: รวม
A11: 65 | B11: สำนักงาน | L11: 21 | M11: 35 | N11: 0 | O11: 56
B12: รวมริม | C12: 0 | D12: 0 | E12: 0 | F12: 0 | G12: 0 | H12: 0 | I12: 0 | J12: 0 | K12: 0 | L12: 21 | M12: 35 | N12: 0 | O12: 56
B13: รวมกิโลกรัม | C13: 0 | D13: 0 | E13: 0 | F13: 0 | G13: 0 | H13: 0 | I13: 0 | J13: 0 | K13: 0 | L13: 56.7 | M13: 94.5 | N13: 0 | O13: 151.2
A15: ปี | B15: โครงการข้าว | C15: มกราคม | D15: กุมภาพันธ์ | E15: มีนาคม | F15: เมษายน | G15: พฤษภาคม | H15: มิถุนายน | I15: กรกฎาคม | J15: สิงหาคม | K15: กันยายน | L15: ตุลาคม | M15: พฤศจิกายน | N15: ธันวาคม | O15: รวม
A16: 65 | B16: สำนักงาน | C16: 10 | D16: 5 | E16: 20 | F16: 10 | G16: 5 | H16: 5 | I16: 5 | J16: 5 | K16: 15 | L16: 10 | M16: 5 | N16: 5 | O16: 100
B17: รวมริม | C17: 10 | D17: 5 | E17: 20 | F17: 10 | G17: 5 | H17: 5 | I17: 5 | J17: 5 | K17: 15 | L17: 10 | M17: 5 | N17: 5 | O17: 100
B18: รวมกิโลกรัม | C18: 27 | D18: 13.5 | E18: 54 | F18: 27 | G18: 13.5 | H18: 13.5 | I18: 13.5 | J18: 13.5 | K18: 40.5 | L18: 27 | M18: 13.5 | N18: 13.5 | O18: 270
A20: ปี | B20: ICAP | C20: มกราคม | D20: กุมภาพันธ์ | E20: มีนาคม | F20: เมษายน | G20: พฤษภาคม | H20: มิถุนายน | I20: กรกฎาคม | J20: สิงหาคม | K20: กันยายน | L20: ตุลาคม | M20: พฤศจิกายน | N20: ธันวาคม | O20: รวม
A21: 65 | B21: สำนักงาน | C21: 10 | D21: 15 | E21: 15 | F21: 5 | G21: 10 | H21: 15 | I21: 15 | J21: 15 | K21: 10 | L21: 15 | M21: 10 | N21: 10 | O21: 145
B22: รวมริม | C22: 10 | D22: 15 | E22: 15 | F22: 5 | G22: 10 | H22: 15 | I22: 15 | J22: 15 | K22: 10 | L22: 15 | M22: 10 | N22: 10 | O22: 145
B23: รวมกิโลกรัม | C23: 27 | D23: 40.5 | E23: 40.5 | F23: 13.5 | G23: 27 | H23: 40.5 | I23: 40.5 | J23: 40.5 | K23: 27 | L23: 40.5 | M23: 27 | N23: 27 | O23: 391.5
A25: ปี | B25: สมุนไพร | C25: มกราคม | D25: กุมภาพันธ์ | E25: มีนาคม | F25: เมษายน | G25: พฤษภาคม | H25: มิถุนายน | I25: กรกฎาคม | J25: สิงหาคม | K25: กันยายน | L25: ตุลาคม | M25: พฤศจิกายน | N25: ธันวาคม | O25: รวม
A26: 65 | B26: สำนักงาน | C26: 1 | D26: 0 | E26: 1 | F26: 0 | G26: 1 | H26: 0 | I26: 1 | J26: 0 | K26: 1 | L26: 0 | M26: 1 | N26: 0 | O26: 6
B27: รวมริม | C27: 1 | D27: 0 | E27: 1 | F27: 0 | G27: 1 | H27: 0 | I27: 1 | J27: 0 | K27: 1 | L27: 0 | M27: 1 | N27: 0 | O27: 6
B28: รวมกิโลกรัม | C28: 2.7 | D28: 0 | E28: 2.7 | F28: 0 | G28: 2.7 | H28: 0 | I28: 2.7 | J28: 0 | K28: 2.7 | L28: 0 | M28: 2.7 | N28: 0 | O28: 16.2
A30: ปี | B30: ฝ่าย | C30: มกราคม | D30: กุมภาพันธ์ | E30: มีนาคม | F30: เมษายน | G30: พฤษภาคม | H30: มิถุนายน | I30: กรกฎาคม | J30: สิงหาคม | K30: กันยายน | L30: ตุลาคม | M30: พฤศจิกายน | N30: ธันวาคม | O30: รวม
A31: 66 | B31: สำนักงาน | C31: 2 | D31: 2 | E31: 1 | F31: 1 | I31: 4 | J31: 2 | K31: 1 | L31: 1 | M31: 5 | N31: 6 | O31: 25
B32: ห้องปฏิบัติการ | C32: 1 | D32: 3 | E32: 2 | G32: 1 | H32: 2 | J32: 1 | L32: 1 | N32: 2 | O32: 13
B33: โครงการ | C33: 1 | D33: 20 | E33: 20 | F33: 1 | G33: 2 | M33: 5 | N33: 10 | O33: 59
B34: จุลินทรีย์ | C34: 1 | F34: 1 | H34: 2 | M34: 1 | N34: 1 | O34: 6
B35: รวมริม | C35: 5 | D35: 25 | E35: 23 | F35: 3 | G35: 3 | H35: 4 | I35: 4 | J35: 3 | K35: 1 | L35: 2 | M35: 11 | N35: 19 | O35: 103
B36: รวมกิโลกรัม | C36: 13.5 | D36: 67.5 | E36: 62.1 | F36: 8.1 | G36: 8.1 | H36: 10.8 | I36: 10.8 | J36: 8.1 | K36: 2.7 | L36: 5.4 | M36: 29.7 | N36: 51.3 | O36: 278.1
A38: ปี | B38: ฝ่าย | C38: มกราคม | D38: กุมภาพันธ์ | E38: มีนาคม | F38: เมษายน | G38: พฤษภาคม | H38: มิถุนายน | I38: กรกฎาคม | J38: สิงหาคม | K38: กันยายน | L38: ตุลาคม | M38: พฤศจิกายน | N38: ธันวาคม | O38: รวม
A39: 66 | B39: สำนักงาน | C39: 13 | D39: 15 | E39: 10 | F39: 25 | G39: 30 | H39: 20 | I39: 15 | J39: 25 | K39: 15 | L39: 43 | M39: 76 | N39: 101 | O39: 388
B40: รวมริม | C40: 13 | D40: 15 | E40: 10 | F40: 25 | G40: 30 | H40: 20 | I40: 15 | J40: 25 | K40: 15 | L40: 43 | M40: 76 | N40: 101 | O40: 388
B41: รวมกิโลกรัม | C41: 35.1 | D41: 40.5 | E41: 27 | F41: 67.5 | G41: 81 | H41: 54 | I41: 40.5 | J41: 67.5 | K41: 40.5 | L41: 116.1 | M41: 205.2 | N41: 272.7 | O41: 1047.6
A43: ปี | B43: โครงการข้าว | C43: มกราคม | D43: กุมภาพันธ์ | E43: มีนาคม | F43: เมษายน | G43: พฤษภาคม | H43: มิถุนายน | I43: กรกฎาคม | J43: สิงหาคม | K43: กันยายน | L43: ตุลาคม | M43: พฤศจิกายน | N43: ธันวาคม | O43: รวม
A44: 66 | B44: สำนักงาน | C44: 10 | D44: 5 | E44: 15 | F44: 5 | G44: 5 | H44: 5 | I44: 5 | J44: 10 | K44: 10 | L44: 15 | M44: 10 | N44: 10 | O44: 105
B45: รวมริม | C45: 10 | D45: 5 | E45: 15 | F45: 5 | G45: 5 | H45: 5 | I45: 5 | J45: 10 | K45: 10 | L45: 15 | M45: 10 | N45: 10 | O45: 105
B46: รวมกิโลกรัม | C46: 27 | D46: 13.5 | E46: 40.5 | F46: 13.5 | G46: 13.5 | H46: 13.5 | I46: 13.5 | J46: 27 | K46: 27 | L46: 40.5 | M46: 27 | N46: 27 | O46: 283.5
A48: ปี | B48: ICAP | C48: มกราคม | D48: กุมภาพันธ์ | E48: มีนาคม | F48: เมษายน | G48: พฤษภาคม | H48: มิถุนายน | I48: กรกฎาคม | J48: สิงหาคม | K48: กันยายน | L48: ตุลาคม | M48: พฤศจิกายน | N48: ธันวาคม | O48: รวม
A49: 66 | B49: สำนักงาน | C49: 10 | D49: 15 | E49: 15 | F49: 10 | G49: 10 | H49: 10 | I49: 15 | J49: 25 | K49: 25 | L49: 10 | M49: 15 | N49: 10 | O49: 170
B50: รวมริม | C50: 10 | D50: 15 | E50: 15 | F50: 10 | G50: 10 | H50: 10 | I50: 15 | J50: 25 | K50: 25 | L50: 10 | M50: 15 | N50: 10 | O50: 170
B51: รวมกิโลกรัม | C51: 27 | D51: 40.5 | E51: 40.5 | F51: 27 | G51: 27 | H51: 27 | I51: 40.5 | J51: 67.5 | K51: 67.5 | L51: 27 | M51: 40.5 | N51: 27 | O51: 459
A53: ปี | B53: สมุนไพร | C53: มกราคม | D53: กุมภาพันธ์ | E53: มีนาคม | F53: เมษายน | G53: พฤษภาคม | H53: มิถุนายน | I53: กรกฎาคม | J53: สิงหาคม | K53: กันยายน | L53: ตุลาคม | M53: พฤศจิกายน | N53: ธันวาคม | O53: รวม
A54: 66 | B54: สำนักงาน | C54: 1 | D54: 0 | E54: 1 | F54: 0 | G54: 1 | H54: 0 | I54: 1 | J54: 0 | K54: 1 | L54: 0 | M54: 1 | N54: 0 | O54: 6
B55: รวมริม | C55: 1 | D55: 0 | E55: 1 | F55: 0 | G55: 1 | H55: 0 | I55: 1 | J55: 0 | K55: 1 | L55: 0 | M55: 1 | N55: 0 | O55: 6
B56: รวมกิโลกรัม | C56: 2.7 | D56: 0 | E56: 2.7 | F56: 0 | G56: 2.7 | H56: 0 | I56: 2.7 | J56: 0 | K56: 2.7 | L56: 0 | M56: 2.7 | N56: 0 | O56: 16.2
A58: ปี | B58: ฝ่าย | C58: มกราคม | D58: กุมภาพันธ์ | E58: มีนาคม | F58: เมษายน | G58: พฤษภาคม | H58: มิถุนายน | I58: กรกฎาคม | J58: สิงหาคม | K58: กันยายน | L58: ตุลาคม | M58: พฤศจิกายน | N58: ธันวาคม | O58: รวม
A59: 67 | B59: สำนักงาน | C59: 2 | D59: 7 | E59: 5 | F59: 4 | G59: 5 | H59: 6 | I59: 5 | J59: 7 | K59: 5 | L59: 8 | M59: 7 | N59: 8 | O59: =SUM(C59:N59) -> 69
B60: ห้องปฏิบัติการ | O60: 0
B61: โครงการ | O61: 0
B62: จุลินทรีย์ | O62: 0
B63: รวมริม | C63: 2 | D63: 7 | E63: 5 | F63: 4 | G63: =G59 -> 5 | H63: =H59 -> 6 | I63: =I59 -> 5 | J63: =J59 -> 7 | K63: =K59 -> 5 | L63: =L59 -> 8 | M63: =M59 -> 7 | N63: =N59 -> 8 | O63: 18
B64: รวมกิโลกรัม | C64: 5.4 | D64: 18.9 | E64: 13.5 | F64: 10.8 | G64: =G63*2.7 -> 13.5 | H64: =H63*2.7 -> 16.2 | I64: =I63*2.7 -> 13.5 | J64: =J63*2.7 -> 18.9 | K64: =K63*2.7 -> 13.5 | L64: =L63*2.7 -> 21.6 | M64: =M63*2.7 -> 18.9 | N64: =N63*2.7 -> 21.6 | O64: 48.6
A66: ปี | B66: สำนักวิจัย | C66: มกราคม | D66: กุมภาพันธ์ | E66: มีนาคม | F66: เมษายน | G66: พฤษภาคม | H66: มิถุนายน | I66: กรกฎาคม | J66: สิงหาคม | K66: กันยายน | L66: ตุลาคม | M66: พฤศจิกายน | N66: ธันวาคม | O66: รวม
A67: 67 | B67: สำนักงาน | C67: 52 | D67: 57 | E67: 53 | F67: 30 | G67: 56 | H67: 37 | I67: 25 | J67: 25 | K67: 30 | L67: 35 | M67: 35 | N67: 27 | O67: =SUM(C67:N67) -> 462
B68: รวมริม | C68: 52 | D68: 57 | E68: 53 | F68: 30 | G68: 56 | H68: 37 | I68: 25 | J68: 25 | K68: 30 | L68: 35 | M68: 35 | N68: 27 | O68: =SUM(C68:N68) -> 462
B69: รวมกิโลกรัม | C69: 140.4 | D69: 153.9 | E69: 143.1 | F69: 81 | G69: 151.2 | H69: =H68*2.7 -> 99.9 | I69: =I68*2.7 -> 67.5 | J69: =J68*2.7 -> 67.5 | K69: =K68*2.7 -> 81 | L69: =L68*2.7 -> 94.5 | M69: =M68*2.7 -> 94.5 | N69: =N68*2.7 -> 72.9 | O69: =O68*2.7 -> 1247.4
A71: ปี | B71: โครงการข้าว | C71: มกราคม | D71: กุมภาพันธ์ | E71: มีนาคม | F71: เมษายน | G71: พฤษภาคม | H71: มิถุนายน | I71: กรกฎาคม | J71: สิงหาคม | K71: กันยายน | L71: ตุลาคม | M71: พฤศจิกายน | N71: ธันวาคม | O71: รวม
A72: 67 | B72: สำนักงาน | C72: 5 | D72: 10 | E72: 4 | F72: 5 | G72: 10 | H72: 6 | I72: 8 | J72: 10 | K72: 6 | L72: 8 | M72: 8 | N72: 10 | O72: =SUM(C72:N72) -> 90
B73: รวมริม | C73: 5 | D73: 10 | E73: 4 | F73: =F72 -> 5 | G73: =G72 -> 10 | H73: =H72 -> 6 | I73: =I72 -> 8 | J73: =J72 -> 10 | K73: 6 | L73: 8 | M73: 8 | N73: 10 | O73: =SUM(C73:N73) -> 90
B74: รวมกิโลกรัม | C74: 13.5 | D74: 27 | E74: 10.8 | F74: =F73*2.7 -> 13.5 | G74: =G73*2.7 -> 27 | H74: =H73*2.7 -> 16.2 | I74: =I73*2.7 -> 21.6 | J74: =J73*2.7 -> 27 | K74: =K73*2.7 -> 16.2 | L74: =L73*2.7 -> 21.6 | M74: =M73*2.7 -> 21.6 | N74: =N73*2.7 -> 27 | O74: 51.3
A76: ปี | B76: ICAP | C76: มกราคม | D76: กุมภาพันธ์ | E76: มีนาคม | F76: เมษายน | G76: พฤษภาคม | H76: มิถุนายน | I76: กรกฎาคม | J76: สิงหาคม | K76: กันยายน | L76: ตุลาคม | M76: พฤศจิกายน | N76: ธันวาคม | O76: รวม
A77: 67 | B77: สำนักงาน | C77: 15 | D77: 10 | E77: 20 | F77: 10 | G77: 10 | H77: 15 | I77: 10 | J77: 20 | K77: 15 | L77: 10 | M77: 10 | N77: 20 | O77: =SUM(C77:N77) -> 165
B78: รวมริม | C78: 15 | D78: 10 | E78: 20 | F78: =F77 -> 10 | G78: =G77 -> 10 | H78: =H77 -> 15 | I78: =I77 -> 10 | J78: =J77 -> 20 | K78: =K77 -> 15 | L78: =L77 -> 10 | M78: =M77 -> 10 | N78: =N77 -> 20 | O78: =SUM(C78:N78) -> 165
B79: รวมกิโลกรัม | C79: 40.5 | D79: 27 | E79: 54 | F79: =F78*2.7 -> 27 | G79: =G78*2.7 -> 27 | H79: =H78*2.7 -> 40.5 | I79: =I78*2.7 -> 27 | J79: =J78*2.7 -> 54 | K79: =K78*2.7 -> 40.5 | L79: =L78*2.7 -> 27 | M79: =M78*2.7 -> 27 | ... O79: =O78*2.7 -> 445.5
A81: ปี | B81: สมุนไพร | C81: มกราคม | D81: กุมภาพันธ์ | E81: มีนาคม | F81: เมษายน | G81: พฤษภาคม | H81: มิถุนายน | I81: กรกฎาคม | J81: สิงหาคม | K81: กันยายน | L81: ตุลาคม | M81: พฤศจิกายน | N81: ธันวาคม | O81: รวม
A82: 67 | B82: สำนักงาน | C82: 1 | D82: 0 | E82: 1 | F82: 0 | G82: 1 | H82: 0 | I82: 1 | J82: 0 | K82: 1 | L82: 0 | M82: 1 | N82: 0 | O82: =SUM(C82:N82) -> 6
B83: รวมริม | C83: 1 | D83: 0 | E83: 1 | F83: =F82 -> 0 | G83: =G82 -> 1 | H83: =H82 -> 0 | I83: =I82 -> 1 | J83: =J82 -> 0 | K83: =K82 -> 1 | L83: =L82 -> 0 | M83: =M82 -> 1 | N83: =N82 -> 0 | O83: =SUM(C83:N83) -> 6
B84: รวมกิโลกรัม | C84: 2.7 | D84: 0 | E84: 2.7 | F84: =F83*2.7 -> 0 | G84: =G83*2.7 -> 2.7 | H84: =H83*2.7 -> 0 | I84: =I83*2.7 -> 2.7 | J84: =J83*2.7 -> 0 | K84: =K83*2.7 -> 2.7 | L84: =L83*2.7 -> 0 | M84: =M83*2.7 -> 2.7 | ... O84: =O83*2.7 -> 16.2
A86: ปี | B86: รวม | C86: มกราคม | D86: กุมภาพันธ์ | E86: มีนาคม | F86: เมษายน | G86: พฤษภาคม | H86: มิถุนายน | I86: กรกฎาคม | J86: สิงหาคม | K86: กันยายน | L86: ตุลาคม | M86: พฤศจิกายน | N86: ธันวาคม | O86: รวม
A87: 67 | B87: อาคาร | C87: 75 | D87: 84 | E87: 83 | F87: 34 | G87: 56 | H87: =H63+H68+H73+H78+H83 -> 64 | I87: =I63+I68+I73+I78+I83 -> 49 | J87: =J63+J68+J73+J78+J83 -> 62 | K87: =K63+K68+K73+K78+K83 -> 57 | L87: =L63+L68+L73+L78+L83 -> 61 | M87: =M63+M68+M73+M78+M83 -> 61 | N87: =N63+N68+N73+N78+N83 -> 65 | O87: =SUM(C87:N87) -> 751
B88: รวมกิโลกรัม | C88: 202.5 | D88: 226.8 | E88: 224.1 | F88: 91.8 | G88: 151.2 | H88: =H87*2.7 -> 172.8 | I88: =I87*2.7 -> 132.3 | J88: =J87*2.7 -> 167.4 | K88: =K87*2.7 -> 153.9 | L88: =L87*2.7 -> 164.7 | M88: =M87*2.7 -> 164.7 | N88: =N87*2.7 -> 175.5 | O88: 896.4
A90: ปี | B90: IQS | C90: มกราคม | D90: กุมภาพันธ์ | E90: มีนาคม | F90: เมษายน | G90: พฤษภาคม | H90: มิถุนายน | I90: กรกฎาคม | J90: สิงหาคม | K90: กันยายน | L90: ตุลาคม | M90: พฤศจิกายน | N90: ธันวาคม | O90: รวม
A91: 68 | C91: 18 | D91: 22 | E91: 30 | F91: 10 | G91: 14 | H91: 15 | I91: 21 | J91: 20 | K91: 30 | L91: 13 | M91: 16 | N91: 13
B92: รวมกิโลกรัม | C92: =C91*2.7 -> 48.6 | D92: =D91*2.7 -> 59.4 | E92: =E91*2.7 -> 81 | F92: =F91*2.7 -> 27 | G92: =G91*2.7 -> 37.8 | H92: =H91*2.7 -> 40.5 | I92: =I91*2.7 -> 56.7 | J92: =J91*2.7 -> 54 | ... O92: =O91*2.7 -> 0
A94: ปี | B94: สำนักวิจัย | C94: มกราคม | D94: กุมภาพันธ์ | E94: มีนาคม | F94: เมษายน | G94: พฤษภาคม | H94: มิถุนายน | I94: กรกฎาคม | J94: สิงหาคม | K94: กันยายน | L94: ตุลาคม | M94: พฤศจิกายน | N94: ธันวาคม | O94: รวม
A95: 68 | C95: 35 | D95: 30 | E95: 42 | F95: 46 | G95: 17 | H95: 40 | I95: 21 | J95: 30 | K95: 20 | L95: 21 | M95: 48 | N95: 31
B96: รวมกิโลกรัม | C96: =C95*2.7 -> 94.5 | D96: =D95*2.7 -> 81 | E96: =E95*2.7 -> 113.4 | F96: =F95*2.7 -> 124.2 | G96: =G95*2.7 -> 45.9 | H96: =H95*2.7 -> 108 | I96: =I95*2.7 -> 56.7 | J96: =J95*2.7 -> 81 | ... O96: =O95*2.7 -> 0
A98: ปี | B98: โครงการข้าว | C98: มกราคม | D98: กุมภาพันธ์ | E98: มีนาคม | F98: เมษายน | G98: พฤษภาคม | H98: มิถุนายน | I98: กรกฎาคม | J98: สิงหาคม | K98: กันยายน | L98: ตุลาคม | M98: พฤศจิกายน | N98: ธันวาคม | O98: รวม
A99: 68 | C99: 3 | D99: 2 | E99: 2 | F99: 4 | G99: 7 | H99: 5 | I99: 3 | J99: 8 | K99: 9 | L99: 5 | M99: 4 | N99: 5
B100: รวมกิโลกรัม | C100: =C99*2.7 -> 8.1 | D100: =D99*2.7 -> 5.4 | E100: =E99*2.7 -> 5.4 | F100: =F99*2.7 -> 10.8 | G100: =G99*2.7 -> 18.9 | H100: =H99*2.7 -> 13.5 | I100: =I99*2.7 -> 8.1 | J100: =J99*2.7 -> 21.6 | ... O100: =O99*2.7 -> 0
A102: ปี | B102: ICAPS | C102: มกราคม | D102: กุมภาพันธ์ | E102: มีนาคม | F102: เมษายน | G102: พฤษภาคม | H102: มิถุนายน | I102: กรกฎาคม | J102: สิงหาคม | K102: กันยายน | L102: ตุลาคม | M102: พฤศจิกายน | N102: ธันวาคม | O102: รวม
A103: 68 | C103: 16 | D103: 11 | E103: 17 | F103: 10 | G103: 9 | H103: 8 | I103: 14 | J103: 18.5 | K103: 14.5 | L103: 13 | M103: 11 | N103: 12
B104: รวมกิโลกรัม | C104: =C103*2.7 -> 43.2 | D104: =D103*2.7 -> 29.7 | E104: =E103*2.7 -> 45.9 | F104: =F103*2.7 -> 27 | G104: =G103*2.7 -> 24.3 | H104: =H103*2.7 -> 21.6 | I104: =I103*2.7 -> 37.8 | J104: =J103*2.7 -> 49.95 | ... O104: =O103*2.7 -> 0
A107: ปี | B107: รวม | C107: มกราคม | D107: กุมภาพันธ์ | E107: มีนาคม | F107: เมษายน | G107: พฤษภาคม | H107: มิถุนายน | I107: กรกฎาคม | J107: สิงหาคม | K107: กันยายน | L107: ตุลาคม | M107: พฤศจิกายน | N107: ธันวาคม | O107: รวม
B108: รวมกิโลกรัม | C108: =C92+C96+C100+C104 -> 194.4 | D108: =D92+D96+D100+D104 -> 175.5 | E108: =E92+E96+E100+E104 -> 245.7 | F108: =F92+F96+F100+F104 -> 189 | G108: =G92+G96+G100+G104 -> 126.9 | H108: =H92+H96+H100+H104 -> 183.6 | I108: =I92+I96+I100+I104 -> 159.3 | J108: =J92+J96+J100+J104 -> 206.55 | ... O108: =O92+O96+O100+O104 -> 0
A110: ปี | B110: IQS | C110: มกราคม | D110: กุมภาพันธ์ | E110: มีนาคม | F110: เมษายน | G110: พฤษภาคม | H110: มิถุนายน | I110: กรกฎาคม | J110: สิงหาคม | K110: กันยายน | L110: ตุลาคม | M110: พฤศจิกายน | N110: ธันวาคม | O110: รวม
A111: 69 | C111: 5.25 | D111: 9.43 | E111: 10.71 | F111: 1.93 | G111: 25.15
B112: รวมกิโลกรัม | C112: =C111*2.7 -> 14.175 | D112: =D111*2.7 -> 25.461 | E112: =E111*2.7 -> 28.917 | F112: =F111*2.7 -> 5.211 | G112: =G111*2.7 -> 67.905 | H112: =H111*2.7 -> 0 | I112: =I111*2.7 -> 0 | J112: =J111*2.7 -> 0 | ... O112: =O111*2.7 -> 0
A114: ปี | B114: สำนักวิจัย | C114: มกราคม | D114: กุมภาพันธ์ | E114: มีนาคม | F114: เมษายน | G114: พฤษภาคม | H114: มิถุนายน | I114: กรกฎาคม | J114: สิงหาคม | K114: กันยายน | L114: ตุลาคม | M114: พฤศจิกายน | N114: ธันวาคม | O114: รวม
A115: 69
B116: รวมกิโลกรัม | C116: =C115*2.7 -> 0 | D116: =D115*2.7 -> 0 | E116: =E115*2.7 -> 0 | F116: =F115*2.7 -> 0 | G116: =G115*2.7 -> 0 | H116: =H115*2.7 -> 0 | I116: =I115*2.7 -> 0 | J116: =J115*2.7 -> 0 | ... O116: =O115*2.7 -> 0
A118: ปี | B118: โครงการข้าว | C118: มกราคม | D118: กุมภาพันธ์ | E118: มีนาคม | F118: เมษายน | G118: พฤษภาคม | H118: มิถุนายน | I118: กรกฎาคม | J118: สิงหาคม | K118: กันยายน | L118: ตุลาคม | M118: พฤศจิกายน | N118: ธันวาคม | O118: รวม
A119: 69
B120: รวมกิโลกรัม | C120: =C119*2.7 -> 0 | D120: =D119*2.7 -> 0 | E120: =E119*2.7 -> 0 | F120: =F119*2.7 -> 0 | G120: =G119*2.7 -> 0 | H120: =H119*2.7 -> 0 | I120: =I119*2.7 -> 0 | J120: =J119*2.7 -> 0 | ... O120: =O119*2.7 -> 0
A122: ปี | B122: ICAPS | C122: มกราคม | D122: กุมภาพันธ์ | E122: มีนาคม | F122: เมษายน | G122: พฤษภาคม | H122: มิถุนายน | I122: กรกฎาคม | J122: สิงหาคม | K122: กันยายน | L122: ตุลาคม | M122: พฤศจิกายน | N122: ธันวาคม | O122: รวม
A123: 69 | C123: 14
B124: รวมกิโลกรัม | C124: =C123*2.7 -> 37.8 | D124: =D123*2.7 -> 0 | E124: =E123*2.7 -> 0 | F124: =F123*2.7 -> 0 | G124: =G123*2.7 -> 0 | H124: =H123*2.7 -> 0 | I124: =I123*2.7 -> 0 | J124: =J123*2.7 -> 0 | ... O124: =O123*2.7 -> 0
A127: ปี | B127: รวม | C127: มกราคม | D127: กุมภาพันธ์ | E127: มีนาคม | F127: เมษายน | G127: พฤษภาคม | H127: มิถุนายน | I127: กรกฎาคม | J127: สิงหาคม | K127: กันยายน | L127: ตุลาคม | M127: พฤศจิกายน | N127: ธันวาคม | O127: รวม
B128: รวมกิโลกรัม | C128: =C112+C116+C120+C124 -> 51.975 | D128: =D112+D116+D120+D124 -> 25.461 | E128: =E112+E116+E120+E124 -> 28.917 | F128: =F112+F116+F120+F124 -> 5.211 | G128: =G112+G116+G120+G124 -> 67.905 | H128: =H112+H116+H120+H124 -> 0 | I128: =I112+I116+I120+I124 -> 0 | J128: =J112+J116+J120+J124 -> 0 | ... O128: =O112+O116+O120+O124 -> 0

Sheet Reuse
K1: แบบฟอร์ม 3.2(1)
A2: บันทึกปริมาณการใช้กระดาษ Reuse
A3: เดือน | B3: ปริมาณการใช้กระดาษปี 2567 | F3: ปริมาณการใช้กระดาษปี 2568 | J3: ร้อยละปริมาณการใช้กระดาษ
B4: จำนวนคน | C4: (กิโลกรัม) ปี2566 | D4: ค่ากระดาษ/เดือน (บาท) | E4: (กิโลกรัม/คน) ปี2566 | F4: จำนวนคน | G4: (กิโลกรัม) ปี 2567 | H4: ค่ากระดาษ/เดือน (บาท) | I4: (กิโลกรัม/คน)ปี 2567 | J4: (หน่วย)ปี2567 | K4: (หน่วย/คน)ปี2567
A5: ม.ค. | B5: 94 | C5: 25 | E5: =C5/B5 -> 0.26595745 | F5: 95 | G5: 30 | I5: =G5/F5 -> 0.31578947 | J5: =(G5-C5)/C5 -> 0.2 | K5: =(I5-E5)/E5 -> 0.18736842
A6: ก.พ. | B6: 94 | C6: 25 | E6: =C6/B6 -> 0.26595745 | F6: 95 | G6: 35 | I6: =G6/F6 -> 0.36842105 | J6: =(G6-C6)/C6 -> 0.4 | K6: =(I6-E6)/E6 -> 0.38526316
A7: มี.ค. | B7: 94 | C7: 23 | E7: =C7/B7 -> 0.24468085 | F7: 95 | G7: 25 | I7: =G7/F7 -> 0.26315789 | J7: =(G7-C7)/C7 -> 0.086956522 | K7: =(I7-E7)/E7 -> 0.075514874
A8: เม.ย. | B8: 94 | C8: 26 | E8: =C8/B8 -> 0.27659574 | F8: 95 | G8: 30 | I8: =G8/F8 -> 0.31578947 | J8: =(G8-C8)/C8 -> 0.15384615 | K8: =(I8-E8)/E8 -> 0.1417004
A9: พ.ค. | B9: 94 | C9: 30 | E9: =C9/B9 -> 0.31914894 | F9: 95 | G9: 35 | I9: =G9/F9 -> 0.36842105 | J9: =(G9-C9)/C9 -> 0.16666667 | K9: =(I9-E9)/E9 -> 0.15438596
A10: มิ.ย. | B10: 94 | C10: 20 | E10: =C10/B10 -> 0.21276596 | F10: 95 | G10: 28 | I10: =G10/F10 -> 0.29473684 | J10: =(G10-C10)/C10 -> 0.4 | K10: =(I10-E10)/E10 -> 0.38526316
A11: ก.ค. | B11: 94 | C11: 18 | E11: =C11/B11 -> 0.19148936 | F11: 95 | G11: 32 | I11: =G11/F11 -> 0.33684211 | J11: =(G11-C11)/C11 -> 0.77777778 | K11: =(I11-E11)/E11 -> 0.75906433
A12: ส.ค. | B12: 94 | C12: 32 | E12: =C12/B12 -> 0.34042553 | F12: 95 | G12: 25 | I12: =G12/F12 -> 0.26315789 | J12: =(G12-C12)/C12 -> -0.21875 | K12: =(I12-E12)/E12 -> -0.22697368
A13: ก.ย. | B13: 94 | C13: 30 | E13: =C13/B13 -> 0.31914894 | F13: 95 | G13: 28 | I13: =G13/F13 -> 0.29473684 | J13: =(G13-C13)/C13 -> -0.066666667 | K13: =(I13-E13)/E13 -> -0.076491228
A14: ต.ค. | B14: 94 | C14: 25 | E14: =C14/B14 -> 0.26595745 | F14: 95 | G14: 30 | I14: =G14/F14 -> 0.31578947 | J14: =(G14-C14)/C14 -> 0.2 | K14: =(I14-E14)/E14 -> 0.18736842
A15: พ.ย. | B15: 94 | C15: 20 | E15: =C15/B15 -> 0.21276596 | F15: 95 | G15: 32 | I15: =G15/F15 -> 0.33684211 | J15: =(G15-C15)/C15 -> 0.6 | K15: =(I15-E15)/E15 -> 0.58315789
A16: ธ.ค. | B16: 94 | C16: 30 | E16: =C16/B16 -> 0.31914894 | F16: 95 | G16: 25 | I16: =G16/F16 -> 0.26315789 | J16: =(G16-C16)/C16 -> -0.16666667 | K16: =(I16-E16)/E16 -> -0.1754386
A17: เฉลี่ย | B17: =AVERAGE(B5:B16) -> 94 | C17: =AVERAGE(C5:C16) -> 25.333333 | E17: =AVERAGE(E5:E16) -> 0.26950355 | F17: =AVERAGE(F5:F16) -> 95 | G17: =AVERAGE(G5:G16) -> 29.583333 | I17: =G17/F17 -> 0.31140351 | J17: =(G17-C17)/C17 -> 0.16776316 | K17: =(I17-E17)/E17 -> 0.15547091
A18: รวม | B18: =SUM(B5:B16) -> 1128 | C18: =SUM(C5:C16) -> 304 | D18: =SUM(D5:D16) -> 0 | E18: =SUM(E5:E16) -> 3.2340426 | F18: =SUM(F5:F16) -> 1140 | G18: =SUM(G5:G16) -> 355 | H18: =SUM(H5:H16) -> 0 | I18: =SUM(I5:I16) -> 3.7368421 | J18: =(G18-C18)/C18 -> 0.16776316 | K18: =(I18-E18)/E18 -> 0.15547091
