Workbook

Sheet ปริมาณขยะรายเดือน 
L1: แบบฟอร์ม 4.1(1)
A2: รายการขยะ | B2: ปริมาณ (ระบุหน่วยเป็น ก.ก. หรือ ลิตร ) ปี 2567
B3: ม.ค. | C3: ก.พ. | D3: มี.ค. | E3: เม.ย. | F3: พ.ค. | G3: มิ.ย. | H3: ก.ค. | I3: ส.ค. | J3: ก.ย. | K3: ต.ค. | L3: พ.ย. | M3: ธ.ค.
A4: ขยะทั่วไป (ฝังกลบเท่านั้น) | B4: 381.8 | C4: 347.7 | D4: 314.2 | E4: 303.1 | F4: 372.9 | G4: 496.7 | H4: 319.6 | I4: 478.5 | J4: 422.2 | K4: 3131.7 | L4: 258.1 | M4: 299.2 | N4: =SUM(B4:M4) -> 7125.7
A5: ขยะอันตราย
A6: หมึกพิมพ์ | B6: - | C6: 2.6 | D6: - | E6: - | F6: 2.5 | G6: 6.2 | H6: 6 | I6: 1.7 | J6: - | K6: - | L6: - | M6: -
A7: หลอดไฟ | B7: - | C7: 1.5 | D7: - | E7: - | F7: 1.5 | G7: 6.4 | H7: 1.7 | I7: 5.7 | J7: 0.5 | K7: - | L7: - | M7: -
A8: ถ่ายไฟฉาย | B8: - | D8: - | E8: - | F8: 0.8 | G8: 0.5 | H8: 0.5 | I8: - | J8: 0.2 | K8: 0.8 | L8: - | M8: -
A9: น้ำยาลบคำผิด | B9: - | C9: - | D9: - | E9: - | F9: - | G9: - | H9: - | I9: - | J9: - | K9: - | L9: - | M9: -
A10: ขวดสเปรย์ปรับอากาศ/สเปรย์กำจัดแมลง | B10: - | C10: - | D10: - | E10: - | F10: - | G10: - | H10: - | I10: 1.2 | J10: 1.1 | K10: - | L10: - | M10: -
A11: กระป๋องน้ำยาเคมีต่าง ๆ | B11: - | C11: - | D11: - | E11: - | F11: - | G11: - | H11: - | I11: - | J11: - | K11: - | L11: - | M11: -
A12: รวมขยะอันตราย | B12: =SUM(B6:B11) -> 0 | C12: =SUM(C6:C11) -> 4.1 | D12: =SUM(D6:D11) -> 0 | E12: =SUM(E6:E11) -> 0 | F12: =SUM(F6:F11) -> 4.8 | G12: =SUM(G6:G11) -> 13.1 | H12: =SUM(H6:H11) -> 8.2 | I12: =SUM(I6:I11) -> 8.6 | ... M12: =SUM(M6:M11) -> 0
A13: ขยะรีไซเคิล / นำกลับมาใช้ใหม่
A14: กระดาษ | B14: 10.2 | C14: 2.2 | D14: 7.6 | E14: 8.5 | F14: 59.4 | G14: 54.4 | H14: 18.7 | I14: 21.1 | J14: 7.3 | K14: 7.3 | L14: 1.8 | M14: 10.5
A15: กล่องลัง | B15: 8.9 | C15: 2.7 | D15: 1.7 | E15: 5.8 | F15: 8.4 | G15: 47.6 | H15: 14.3 | I15: 8.2 | J15: 14.4 | K15: 6.7 | L15: 15.3 | M15: 36.4
A16: ขวดพลาสติก | B16: 1 | C16: 4.5 | D16: 7.2 | E16: 5.2 | F16: 10.2 | G16: 14.3 | H16: 11.6 | I16: 18.4 | J16: 11.3 | K16: 5.7 | L16: 3.4 | M16: 2
A17: ใบไม้ | B17: - | C17: - | D17: - | E17: - | F17: - | G17: - | H17: 0.5 | I17: 0.6 | J17: 0.3 | K17: 0.4 | L17: 0.2 | M17: 0.3
A18: เศษอาหาร | B18: 117.5 | C18: 98.5 | D18: 77.5 | E18: 42.3 | F18: 71.2 | G18: 103.5 | H18: 61.6 | I18: 84.9 | J18: 76.6 | K18: 80.1 | L18: 69.6 | M18: 69.9
A19: รวมขยะรีไซเคิล / นำกลับมาใช้ใหม่ | B19: =SUM(B14:B18) -> 137.6 | C19: =SUM(C14:C18) -> 107.9 | D19: =SUM(D14:D18) -> 94 | E19: =SUM(E14:E18) -> 61.8 | F19: =SUM(F14:F18) -> 149.2 | G19: =SUM(G14:G18) -> 219.8 | H19: =SUM(H14:H18) -> 106.7 | I19: =SUM(I14:I18) -> 133.2 | ... M19: =SUM(M14:M18) -> 119.1 | N19: =SUM(B19:M19) -> 1429.7
A20: หมายเหตุ
A21: 1. ผู้ที่ได้รับมอบหมาย ต้องลงบันทึกปริมาณทุกวันที่สิ้นเดือน
A22: 2. รายการขยะของแต่ละประเภทสามารถเพิ่มเติมหรือตัดออกได้ขึ้นอยู่กับขยะที่เกิดขึ้นของแต่ละสำนักงาน

Sheet คำนวณ%
A1: รายการขยะ | B1: ปริมาณ (ระบุหน่วยเป็น ก.ก. หรือ ลิตร )
B2: ม.ค. | C2: ก.พ. | D2: มี.ค. | E2: เม.ย. | F2: พ.ค. | G2: มิ.ย. | H2: ก.ค. | I2: ส.ค. | J2: ก.ย. | K2: ต.ค. | L2: พ.ย. | M2: ธ.ค.
A3: ขยะทั่วไป | B3: ='ปริมาณขยะรายเดือน '!$B$4 -> 381.8 | C3: ='ปริมาณขยะรายเดือน '!C4 -> 347.7 | D3: ='ปริมาณขยะรายเดือน '!D4 -> 314.2 | E3: ='ปริมาณขยะรายเดือน '!E4 -> 303.1 | F3: ='ปริมาณขยะรายเดือน '!F4 -> 372.9 | G3: ='ปริมาณขยะรายเดือน '!G4 -> 496.7 | H3: ='ปริมาณขยะรายเดือน '!H4 -> 319.6 | I3: ='ปริมาณขยะรายเดือน '!I4 -> 478.5 | J3: ='ปริมาณขยะรายเดือน '!J4 -> 422.2 | K3: 313.7 | L3: ='ปริมาณขยะรายเดือน '!L4 -> 258.1 | M3: ='ปริมาณขยะรายเดือน '!M4 -> 299.2
A4: ขยะอันตราย | B4: ='ปริมาณขยะรายเดือน '!$B$12 -> 0 | C4: ='ปริมาณขยะรายเดือน '!C12 -> 4.1 | D4: ='ปริมาณขยะรายเดือน '!D12 -> 0 | E4: ='ปริมาณขยะรายเดือน '!E12 -> 0 | F4: ='ปริมาณขยะรายเดือน '!F12 -> 4.8 | G4: ='ปริมาณขยะรายเดือน '!G12 -> 13.1 | H4: ='ปริมาณขยะรายเดือน '!H12 -> 8.2 | I4: ='ปริมาณขยะรายเดือน '!I12 -> 8.6 | J4: ='ปริมาณขยะรายเดือน '!J12 -> 1.8 | ... M4: ='ปริมาณขยะรายเดือน '!M12 -> 0
A5: ขยะรีไซเคิล / นำกลับมาใช้ใหม่ | B5: ='ปริมาณขยะรายเดือน '!$B$19 -> 137.6 | C5: ='ปริมาณขยะรายเดือน '!C19 -> 107.9 | D5: ='ปริมาณขยะรายเดือน '!D19 -> 94 | E5: ='ปริมาณขยะรายเดือน '!E19 -> 61.8 | F5: ='ปริมาณขยะรายเดือน '!F19 -> 149.2 | G5: ='ปริมาณขยะรายเดือน '!G19 -> 219.8 | H5: ='ปริมาณขยะรายเดือน '!H19 -> 106.7 | I5: ='ปริมาณขยะรายเดือน '!I19 -> 133.2 | J5: ='ปริมาณขยะรายเดือน '!J19 -> 109.9 | ... M5: ='ปริมาณขยะรายเดือน '!M19 -> 119.1
A6: รวมขยะทั้งหมด | B6: =SUM(B3:B5) -> 519.4 | C6: =SUM(C3:C5) -> 459.7 | D6: =SUM(D3:D5) -> 408.2 | E6: =SUM(E3:E5) -> 364.9 | F6: =SUM(F3:F5) -> 526.9 | G6: =SUM(G3:G5) -> 729.6 | H6: =SUM(H3:H5) -> 434.5 | I6: =SUM(I3:I5) -> 620.3 | ... M6: =SUM(M3:M5) -> 418.3
A7: %ขยะรีไซเคิล / นำกลับมาใช้ใหม่ | B7: =B5/B6 -> 0.26492106 | C7: =C5/C6 -> 0.23471829 | D7: =D5/D6 -> 0.23027927 | E7: =E5/E6 -> 0.16936147 | F7: =F5/F6 -> 0.28316569 | G7: =G5/G6 -> 0.30126096 | H7: =H5/H6 -> 0.24556962 | I7: =I5/I6 -> 0.21473481 | ... M7: =M5/M6 -> 0.28472388
A8: %ปริมาณขยะทั่วไป(ฝังกลบ) | B8: =B3/B6 -> 0.73507894 | C8: =C3/C6 -> 0.75636285 | D8: =D3/D6 -> 0.76972073 | E8: =E3/E6 -> 0.83063853 | F8: =F3/F6 -> 0.70772443 | G8: =G3/G6 -> 0.68078399 | H8: =H3/H6 -> 0.73555811 | I8: =I3/I6 -> 0.77140094 | ... M8: =M3/M6 -> 0.71527612
A9: %ปริมาณขยะอันตราย | B9: =B4/B6 -> 0 | C9: =C4/C6 -> 0.0089188601 | D9: =D4/D6 -> 0 | E9: =E4/E6 -> 0 | F9: =F4/F6 -> 0.009109888 | G9: =G4/G6 -> 0.017955044 | H9: =H4/H6 -> 0.018872267 | I9: =I4/I6 -> 0.013864259 | ... M9: =M4/M6 -> 0

Sheet คำนวณ ปริมาณขยะ
O1: วิธีแรก คือ คิด % ตามรายเดือน จะได้ % ตามตารางข้างล่าง คือ 26.49, 23.47, 23.03, 16.94, 28.32, 30.13
L2: แบบฟอร์ม 4.1(1) | O2: %การนำขยะกลับมาใช้ใหม่ของแต่ละเดือน = | P2: (ขยะรีไซเคิลหรือนำกลับมาใช้ใหม่ x 100) ÷ ขยะรวมทั้งหมด
O3: วิธีที่สองคือ คิด% ขยะสะสมทั้งหมด เช่น ตอนนี้เก็บข้อมูลได้ 6 เดือน จะคำนวณดังนี้
A4: รายการขยะ | B4: ปริมาณ (ระบุหน่วยเป็น ก.ก. หรือ ลิตร ) ปี 2567 | O4: %การนำขยะกลับมาใช้ใหม่รวม 6 เดือน = | P4: [(137.6+107.9+94+61.8+149.2+219.8) x 100] ÷ (519.4+459.7+408.2+364.9+526.9+729.6) = 25.60%
B5: ม.ค. | C5: ก.พ. | D5: มี.ค. | E5: เม.ย. | F5: พ.ค. | G5: มิ.ย. | H5: ก.ค. | I5: ส.ค. | J5: ก.ย. | K5: ต.ค. | L5: พ.ย. | M5: ธ.ค. | O5: รายการขยะ | P5: ปริมาณ (ระบุหน่วยเป็น ก.ก. หรือ ลิตร ) ปี 2567
A6: ขยะทั่วไป (ฝังกลบ) | B6: 381.8 | C6: 347.7 | D6: 314.2 | E6: 303.1 | F6: 372.9 | G6: 496.7 | H6: 319.6 | I6: 478.5 | J6: 422.2 | K6: 313.7 | L6: 258.1 | M6: 299.2 | P6: ม.ค. | Q6: ก.พ. | R6: มี.ค. | S6: เม.ย. | T6: พ.ค. | U6: มิ.ย. | V6: ก.ค. | W6: ส.ค. | X6: ก.ย. | Y6: ต.ค. | Z6: พ.ย. | AA6: ธ.ค.
A7: ขยะอันตราย | O7: ขยะทั่วไป | P7: 381.8 | Q7: 347.7 | R7: 314.2 | S7: 303.1 | T7: 372.9 | U7: 496.7 | V7: 319.6 | W7: 478.5 | X7: 422.2 | Y7: 313.7 | Z7: 258.1 | AA7: 299.2
A8: หมึกพิมพ์ | B8: - | C8: 2.6 | D8: - | E8: - | F8: 2.5 | G8: 6.2 | H8: 6 | I8: 1.7 | J8: - | K8: - | L8: - | M8: - | O8: ขยะอันตราย | P8: =B14 -> 0 | Q8: =C14 -> 4.1 | R8: =D14 -> 0 | S8: =E14 -> 0 | T8: =F14 -> 4.8 | U8: =G14 -> 13.1 | V8: 8.2 | W8: 8.6 | X8: 1.8 | Y8: 0.8 | Z8: ='คำนวณ ปริมาณขยะ'!Z17 -> 0 | AA8: ='คำนวณ ปริมาณขยะ'!AA17 -> 0
A9: หลอดไฟ | B9: - | C9: 1.5 | D9: - | E9: - | F9: 1.5 | G9: 6.4 | H9: 1.7 | I9: 5.7 | J9: 0.5 | K9: - | L9: - | M9: - | O9: ขยะรีไซเคิล / นำกลับมาใช้ใหม่ | P9: =B21 -> 137.6 | Q9: =C21 -> 107.9 | R9: =D21 -> 94 | S9: =E21 -> 61.8 | T9: =F21 -> 149.2 | U9: =G21 -> 219.8 | V9: 106.7 | W9: 133.2 | X9: 109.9 | Y9: 100.2 | Z9: 90.3 | AA9: 119.1
A10: ถ่ายไฟฉาย | B10: - | C10: - | D10: - | E10: - | F10: 0.8 | G10: 0.5 | H10: 0.5 | I10: - | J10: 0.2 | K10: 0.8 | L10: - | M10: - | O10: รวมขยะทั้งหมด | P10: =SUM(P7:P9) -> 519.4 | Q10: =SUM(Q7:Q9) -> 459.7 | R10: =SUM(R7:R9) -> 408.2 | S10: =SUM(S7:S9) -> 364.9 | T10: =SUM(T7:T9) -> 526.9 | U10: =SUM(U7:U9) -> 729.6 | V10: =SUM(V7:V9) -> 434.5 | W10: =SUM(W7:W9) -> 620.3 | ... AA10: =SUM(AA7:AA9) -> 418.3
A11: น้ำยาลบคำผิด | B11: - | C11: - | D11: - | E11: - | F11: - | G11: - | H11: - | I11: - | J11: - | K11: - | L11: - | M11: -
A12: ขวดสเปรย์ปรับอากาศ/สเปรย์กำจัดแมลง | B12: - | C12: - | D12: - | E12: - | F12: - | G12: - | H12: - | I12: 1.2 | J12: 1.1 | K12: - | L12: - | M12: - | O12: %ขยะรีไซเคิล / นำกลับมาใช้ใหม่ | P12: =P9/P10 -> 0.26492106 | Q12: =Q9/Q10 -> 0.23471829 | R12: =R9/R10 -> 0.23027927 | S12: =S9/S10 -> 0.16936147 | T12: =T9/T10 -> 0.28316569 | U12: =U9/U10 -> 0.30126096 | V12: =V9/V10 -> 0.24556962 | W12: =W9/W10 -> 0.21473481 | ... AA12: =AA9/AA10 -> 0.28472388
A13: กระป๋องน้ำยาเคมีต่าง ๆ | B13: - | C13: - | D13: - | E13: - | F13: - | G13: - | H13: - | I13: - | J13: - | K13: - | L13: - | M13: - | O13: %ปริมาณขยะทั่วไป(ฝังกลบ) | P13: =P7/P10 -> 0.73507894 | Q13: =Q7/Q10 -> 0.75636285 | R13: =R7/R10 -> 0.76972073 | S13: =S7/S10 -> 0.83063853 | T13: =T7/T10 -> 0.70772443 | U13: =U7/U10 -> 0.68078399 | V13: =V7/V10 -> 0.73555811 | W13: =W7/W10 -> 0.77140094 | ... AA13: =AA7/AA10 -> 0.71527612
A14: รวมขยะอันตราย | B14: =SUM(B8:B13) -> 0 | C14: =SUM(C8:C13) -> 4.1 | D14: =SUM(D8:D13) -> 0 | E14: =SUM(E8:E13) -> 0 | F14: =SUM(F8:F13) -> 4.8 | G14: =SUM(G8:G13) -> 13.1 | H14: =SUM(H8:H13) -> 8.2 | I14: =SUM(I8:I13) -> 8.6 | ... M14: =SUM(M8:M13) -> 0 | O14: %ขยะอันตราย | P14: =P8/P10 -> 0 | Q14: =Q8/Q10 -> 0.0089188601 | R14: =R8/R10 -> 0 | S14: =S8/S10 -> 0 | T14: =T8/T10 -> 0.009109888 | U14: =U8/U10 -> 0.017955044 | V14: =V8/V10 -> 0.018872267 | W14: =W8/W10 -> 0.013864259 | ... AA14: =AA8/AA10 -> 0
A15: ขยะรีไซเคิล / นำกลับมาใช้ใหม่
A16: กระดาษ | B16: 10.2 | C16: 2.2 | D16: 7.6 | E16: 8.5 | F16: 59.4 | G16: 54.4 | H16: 18.7 | I16: 21.1 | J16: 7.3 | K16: 7.3 | L16: 1.8 | M16: 10.5
A17: กล่องลัง | B17: 8.9 | C17: 2.7 | D17: 1.7 | E17: 5.8 | F17: 8.4 | G17: 47.6 | H17: 14.3 | I17: 8.2 | J17: 14.4 | K17: 6.7 | L17: 15.3 | M17: 36.4
A18: ขวดพลาสติก | B18: 1 | C18: 4.5 | D18: 7.2 | E18: 5.2 | F18: 10.2 | G18: 14.3 | H18: 11.6 | I18: 18.4 | J18: 11.3 | K18: 5.7 | L18: 3.4 | M18: 2
A19: ใบไม้ | B19: - | C19: - | D19: - | E19: - | F19: - | G19: - | H19: 0.5 | I19: 0.6 | J19: 0.3 | K19: 0.4 | L19: 0.2 | M19: 0.3
A20: อาหาร | B20: 117.5 | C20: 98.5 | D20: 77.5 | E20: 42.3 | F20: 71.2 | G20: 103.5 | H20: 61.6 | I20: 84.9 | J20: 76.6 | K20: 80.1 | L20: 69.6 | M20: 69.9
A21: รวมขยะรีไซเคิล / นำกลับมาใช้ใหม่ | B21: =SUM(B16:B20) -> 137.6 | C21: =SUM(C16:C20) -> 107.9 | D21: =SUM(D16:D20) -> 94 | E21: =SUM(E16:E20) -> 61.8 | F21: =SUM(F16:F20) -> 149.2 | G21: =SUM(G16:G20) -> 219.8 | H21: =SUM(H16:H20) -> 106.7 | I21: =SUM(I16:I20) -> 133.2 | ... M21: =SUM(M16:M20) -> 119.1
A22: หมายเหตุ
A23: 1. ผู้ที่ได้รับมอบหมาย ต้องลงบันทึกปริมาณทุกวันที่สิ้นเดือน
A24: 2. รายการขยะของแต่ละประเภทสามรถเพิ่มเติมหรือตัดออกได้ขึ้นอยู่กับขยะที่เกิดขึ้นของแต่ละสำนักงาน
